{
  "dataset": {
    "training_rows": 20000,
    "validation_rows": 4000,
    "testing_rows": 10000,
    "test_benign_rows": 5000,
    "test_attack_rows": 5000
  },
  "isolation_forest": {
    "accuracy": 0.6251,
    "balanced_accuracy": 0.6251,
    "precision": 0.5721037463976946,
    "recall": 0.9926,
    "f1": 0.7258500914076782,
    "confusion_matrix": [
      [
        1288,
        3712
      ],
      [
        37,
        4963
      ]
    ],
    "roc_auc": 0.6557930399999999
  },
  "random_forest": {
    "accuracy": 0.8609,
    "balanced_accuracy": 0.8609,
    "precision": 0.7871121718377089,
    "recall": 0.9894,
    "f1": 0.8767390341160833,
    "confusion_matrix": [
      [
        3662,
        1338
      ],
      [
        53,
        4947
      ]
    ],
    "roc_auc": 0.9036483399999999
  },
  "autoencoder": {
    "accuracy": 0.7586,
    "balanced_accuracy": 0.7585999999999999,
    "precision": 0.7311405076868073,
    "recall": 0.818,
    "f1": 0.7721351708514254,
    "confusion_matrix": [
      [
        3496,
        1504
      ],
      [
        910,
        4090
      ]
    ],
    "roc_auc": 0.77650834
  },
  "graphsage": {
    "accuracy": 0.5539,
    "balanced_accuracy": 0.5539000000000001,
    "precision": 0.5285215366705471,
    "recall": 0.9988,
    "f1": 0.6912589106512561,
    "confusion_matrix": [
      [
        545,
        4455
      ],
      [
        6,
        4994
      ]
    ],
    "roc_auc": 0.73029622
  },
  "four_model_ensemble": {
    "accuracy": 0.8471,
    "balanced_accuracy": 0.8471,
    "precision": 0.8696485623003195,
    "recall": 0.8166,
    "f1": 0.8422898401237752,
    "confusion_matrix": [
      [
        4388,
        612
      ],
      [
        917,
        4083
      ]
    ],
    "roc_auc": 0.90154726
  },
  "thresholds": {
    "isolation_forest": 0.3293982481655856,
    "random_forest": 0.023552277985182894,
    "autoencoder": 0.0008745370761025697,
    "graphsage": 0.511871262550354,
    "ensemble_required_votes": 4
  }
}